terminal_time,gamma,predicted_time
1.2,50.0,0.9479811166613582
1.2,100.0,0.9572637123557913
1.2,200.0,0.9604908618275431
1.2,400.0,0.9618519641523382
1.2,800.0,0.9623001484930539
1.5,50.0,0.9532485611996347
1.5,100.0,0.9572681673151479
1.5,200.0,0.9613870591893638
1.5,400.0,0.9619504503961818
1.5,800.0,0.9641923738404976
1.8,50.0,0.9524619053246474
1.8,100.0,0.9519996679235059
1.8,200.0,0.9634717849612693
1.8,400.0,0.963868179674991
1.8,800.0,0.9658843200542009
